schedule,name
SCHEDULE I,desomorphine
SCHEDULE I,JWH-019
SCHEDULE I,Captagon
SCHEDULE I,JWH-200 (1-[2-(4-Morpholinyl)ethyl]-3-(1-naphthoyl) indole)
SCHEDULE I,JWH-073
SCHEDULE I,"N-ethylbuphedrone (NEB),N-ethyl-N-methylinone(EMC)"
SCHEDULE I,Cimbi-82
SCHEDULE I,1-(4-fluorophenyl)-2-(methylamino) propan-1-one) (Positional isomer: 2-FMC)
SCHEDULE I,5-MeO-DMT (Positional Isomer: 4-Mthoxy -N
SCHEDULE I,Cyprenorphine
SCHEDULE I,"1-(1,3-benzodioxol-5-yl)2-(methylamino)pentan-1-one) (Positional Isomer:dibutyllone (bk-DMBDB)"
SCHEDULE I,2C-C-NBOMe
SCHEDULE I,trip
SCHEDULE I,"1-(1,3-benzodioxol-5-yl)-2(methylamino)butan-1-one) (Positional isomers: ethylone (bk-MDEA: MDEC)"
SCHEDULE I,"2,5-dMA"
SCHEDULE I,25C
SCHEDULE I,CP-47497
SCHEDULE I,Psilocin
SCHEDULE I,QUPIC
SCHEDULE I,Furethidine
SCHEDULE I,"3,4-dimethylmethcathinone(3,4-DMMC),Nethylbuphedrone (NEB)"
SCHEDULE I,n-Methylcathinone
SCHEDULE I,Methyldesorphine
SCHEDULE I,Quaalude
SCHEDULE I,Propiram
SCHEDULE I,Alpha-methyltryptamine
SCHEDULE I,methamphetamine
SCHEDULE I,Mecloqualone
SCHEDULE I,cat
SCHEDULE I,JB 336
SCHEDULE I,Methyldihydromorphine
SCHEDULE I,Alpha-Ethyltryptamine
SCHEDULE I,n-hydroxy MdA
SCHEDULE I,1-(2-Phenylethyl)-4-phenyl-4-acetoxypiperidine
SCHEDULE I,doB
SCHEDULE I,Cimbi-5
SCHEDULE I,nicocodeine
SCHEDULE I,"5-Methoxy-n,n-diisopropyltryptamine"
SCHEDULE I,1-benzylpiperazine
SCHEDULE I,Acetyldihydrocodeine
SCHEDULE I,Butyryl Fentanyl
SCHEDULE I,Algeril
SCHEDULE I,oxymethebanol
SCHEDULE I,Piridolan
SCHEDULE I,n-ethyl MdA
SCHEDULE I,AM-678
SCHEDULE I,"5-Flouro-UR-144, XLR11 [1-5-Fluoro-pentyI) 1H-indol-3-yI]"
SCHEDULE I,GHB
SCHEDULE I,PEPAP
SCHEDULE I,Mephedrone (4-Methyl-N-methylcathinone)
SCHEDULE I,Bufotenine
SCHEDULE I,4-bromo-dMA
SCHEDULE I,2C-T-2
SCHEDULE I,Acetorphine
SCHEDULE I,4-methylbuphedrone (4-MeMABP;4-MeBP)
SCHEDULE I,bath salts
SCHEDULE I,UR-144
SCHEDULE I,dipipan
SCHEDULE I,Pholcodine
SCHEDULE I,JWH-200
SCHEDULE I,doEt
SCHEDULE I,N-(1-phenethylpiperidin-4-yl)-N-
SCHEDULE I,Etonitazene
SCHEDULE I,Adaphol
SCHEDULE I,diacetylmorphine
SCHEDULE I,JWH-122
SCHEDULE I,Somnafac
SCHEDULE I,"n,n-dimethylamphetamine"
SCHEDULE I,"MAB-CHMINACA (N-(1-amino-3,3dimethyl1-oxobutan-2-yl)-"
SCHEDULE I,operidine
SCHEDULE I,Morphine methylsulfonate
SCHEDULE I,SR-18
SCHEDULE I,nEA
SCHEDULE I,MdA
SCHEDULE I,China white
SCHEDULE I,1-Methyl-4-phenyl-4-propionoxypiperidine
SCHEDULE I,1-phenyl-2-(piperidin-1-yl)butan -1-one)
SCHEDULE I,(1-Cyclohexylethyl-3-(2-methoxyphenylacetyl) indole)
SCHEDULE I,2C-T-4
SCHEDULE I,BZP
SCHEDULE I,Benzylmorphine
SCHEDULE I,25B
SCHEDULE I,Alphamethadol
SCHEDULE I,Marijuana Extract
SCHEDULE I,dronabinol
SCHEDULE I,2C-H
SCHEDULE I,2-(ethylamino)-1-(4-methylphenyl)propan-1-one)
SCHEDULE I,dEt
SCHEDULE I,PB-22
SCHEDULE I,"Synhexyl,"
SCHEDULE I,"3,4-Methylenedioxyamphetamine"
SCHEDULE I,2-CB
SCHEDULE I,Metebanyl
SCHEDULE I,marijuana
SCHEDULE I,PB-22 (Quinolin-8-yl 1-pentyl-1H-dole-3-carboxylate)
SCHEDULE I,AB-PINACA (N-(1-amino-3-methyl-1-oxobutan -2-yl)1-pentyl-1H-indazole-3-carboxamide)
SCHEDULE I,norlevorphanol
SCHEDULE I,tHC
SCHEDULE I,"ADB-PINACA (N-(1-amino-3,3-dimethy1-oxobutan-2-yl)-1-pentyl-1H-indazole-3-carboxamide)"
SCHEDULE I,tMA
SCHEDULE I,"3,4,5-trimethoxyamphetamine"
SCHEDULE I,Benzethidine
SCHEDULE I,khat plant
SCHEDULE I,"2C-H (2-(2,5-Dimethoxyphenyl) ethanamine"
SCHEDULE I,25B-NBOMe
SCHEDULE I,"n,n-dimethylserotonin"
SCHEDULE I,AB-FUBINACA (N-1-amino-3-methl-1-oxobutan-2-yl)-11-(4-fluorobenzy)-1H-indazole-3-carboxamide)
SCHEDULE I,tilsa
SCHEDULE I,dMA
SCHEDULE I,Cimbi-36
SCHEDULE I,Love drug
SCHEDULE I,LSd
SCHEDULE I,"3,4-Methylenedioxy-n-ethylamphetamine"
SCHEDULE I,AB-PINACA
SCHEDULE I,Alpha-Methylfentanyl
SCHEDULE I,Gama Hydroxybutyric Acid
SCHEDULE I,MPPP
SCHEDULE I,fentanyl
SCHEDULE I,AB-CHMINACA
SCHEDULE I,XLR11
SCHEDULE I,25I-NBOMe
SCHEDULE I,Cliradon
SCHEDULE I,nicomorphine
SCHEDULE I,JWH-018
SCHEDULE I,"AH-7921 (3,4-dichloro-N-[(1-dimethylamino)cyclohexylmethy] benzamide"
SCHEDULE I,JWH-398
SCHEDULE I,Copholco
SCHEDULE I,dimethyltryptamine
SCHEDULE I,Racemoramide
SCHEDULE I,Lysergic acid diethylamide
SCHEDULE I,ethyltheophylline amphetamine
SCHEDULE I,Mephedrone
SCHEDULE I,Acetylmethadol
SCHEDULE I,MDDMC))
SCHEDULE I,Acetyl-alpha-methylfentanyl
SCHEDULE I,n-Benzylpiperazine
SCHEDULE I,Allylprodine
SCHEDULE I,Tetrahydrocannabinols
SCHEDULE I,tCPy
SCHEDULE I,Piritramide
SCHEDULE I,4-methl-a-pyrrolidinopropiophenone
SCHEDULE I,Para-Fluorofentanyl
SCHEDULE I,XLR-11
SCHEDULE I,Hydroxypethidine
SCHEDULE I,1-(naphthalen-2-yl)-2(pyrrolidin-1-yl)pentan-1-one) (Positional Isomer:a-naphyrone)
SCHEDULE I,JWH-203 (1-Pentyl-3-(2-chlorophenylacetyl) indole)
SCHEDULE I,"MDPV (3,4-Methylenedioxypyrovalerone)"
SCHEDULE I,Acetylcodone
SCHEDULE I,AH-7921
SCHEDULE I,RCS-8
SCHEDULE I,phenylpiperone HCl
SCHEDULE I,bk-MBDB
SCHEDULE I,n-Ethylamphetamine
SCHEDULE I,naphthylpyrovalerone
SCHEDULE I,1-[1-(2-thienyl)cyclohexyl]pyrrolidine
SCHEDULE I,N-(1-phenethylpiperidin-4-yl)-Nphenylbutanamide
SCHEDULE I,Betaprodine
SCHEDULE I,Levomoramide
SCHEDULE I,Kitadol
SCHEDULE I,sodium oxybate
SCHEDULE I,alpha-pyrrolidinopentiophenone (aPVP)
SCHEDULE I,ADB-CHMINACA
SCHEDULE I,SR-19 & RCS-4
SCHEDULE I,"U-47700 (3,4-dichloro-N-[2-dimethylamino) cyclohexyl]-N-methylbenzamide)"
SCHEDULE I,CP-47497 C8-homolog
SCHEDULE I,nexus
SCHEDULE I,"2C-T-4 (2-(4-Isopropylthio)-2,5-dimethoxyphenyl) ethanamine)"
SCHEDULE I,Heroin
SCHEDULE I,"4-Bromo-2,5-dimethoxyphenethylamine"
SCHEDULE I,"(2,2,3,3-tetramethylcyclopropyl)methanone 5F-PB-22 (Quinolin-8-yl 1-(5-fluoropentyl)-1H-indol3-carboxylate)"
SCHEDULE I,JWH-081
SCHEDULE I,Ecstasy
SCHEDULE I,N-dimethyltryptamine (4-MeO-DMT)
SCHEDULE I,mdma
SCHEDULE I,Ethylmethylthiambutene
SCHEDULE I,Alphameprodine
SCHEDULE I,5-Meo-diPt
SCHEDULE I,N-[1-[2-hydroxy-2-(thiophen-2-yl) ethyl]piperidin-4yl]-N-phenylpropionamide
SCHEDULE I,Betacetylmethadol
SCHEDULE I,4-ethylmethcathinone (4-EMC)
SCHEDULE I,diethylthiambutene
SCHEDULE I,opitimil
SCHEDULE I,"2C-C (2-(4-Chloro-2,5-dimethoxyphenyl) ethanamine"
SCHEDULE I,JWH-203
SCHEDULE I,doM
SCHEDULE I,dimenoxadol
SCHEDULE I,Acedicon
SCHEDULE I,Parahexyl
SCHEDULE I,"UR-144 (1-Pentyl-1H-indol-3-yl)(2,2,3,3-tetramethylcyclopropy)methanone"
SCHEDULE I,China White
SCHEDULE I,"2,5-dimethoxy-4-ethylamphetamine"
SCHEDULE I,"2-(4-bromo-2,5-dimethoxyphenyl)-N-(2-methoxybenzyl) ethanamine (25B-NBOMe)"
SCHEDULE I,"4-Methyl-2,5-dimethoxyamphetamine"
SCHEDULE I,SR-19 (known as RCS-4)(1-Pentyl-3-[(4-methoxy)benzoyl] indole
SCHEDULE I,XtC
SCHEDULE I,dimethylone (bkMDDMA
SCHEDULE I,3-Fluoro-N-methylcathinone (3-FMC)
SCHEDULE I,Psilocybin
SCHEDULE I,2C-B-NBOMe
SCHEDULE I,ibogaine
SCHEDULE I,Codisol
SCHEDULE I,Mcn-422
SCHEDULE I,Betamethadol
SCHEDULE I,Acetyl Fentanyl (N-(1-phenethylpiperidin-4-yl)-Nphenylacetamide
SCHEDULE I,JWH-250
SCHEDULE I,JWH-398 (1-Pentyl-3-(4-chloro-1-naphthoyl) indole)
SCHEDULE I,1-phenyl-2-(pyrrolidin-1-yl)pentan-1-one)(Positional isomers: 4-methyl-a-pyrrolidinobutiophenone (4-MePBP)
SCHEDULE I,delta-8 tHC
SCHEDULE I,Mappine
SCHEDULE I,diethyltryptamine
SCHEDULE I,JWH-081 (1-Pentyl-3-(1-(4-methoxynaphthoyl) indole)
SCHEDULE I,5F-PB-22
SCHEDULE I,Myrophine
SCHEDULE I,a-pyrrolidinovalerophenone
SCHEDULE I,Beta-hydroxythiofentanyl
SCHEDULE I,dimethylthiambutene
SCHEDULE I,tabernanthe iboga
SCHEDULE I,Mescaline
SCHEDULE I,Cannabis
SCHEDULE I,25I
SCHEDULE I,JWH-073 (1-Butyl-3-(1-naphthoyl) indole)
SCHEDULE I,Lak
SCHEDULE I,Alpha-Methylthiofentanyl
SCHEDULE I,Lantuss
SCHEDULE I,4-Fluoro-N-methylcathinone (4-FMC)
SCHEDULE I,Pholcolin
SCHEDULE I,phenylbutanamide
SCHEDULE I,JWH-250 (1-Pentyl-3-(2-methoxyphenylacetyl) indole)
SCHEDULE I,PCE
SCHEDULE I,n-Methyl-3-piperidyl benzilate
SCHEDULE I,narcolo
SCHEDULE I,3-Methylfentanyl
SCHEDULE I,dMt
SCHEDULE I,n-Ethyl-3-piperidyl benzilate
SCHEDULE I,Clonitazene
SCHEDULE I,2C-N (2-(2.5-Dimethoxy-4-nitro-phenyl) ethanamine
SCHEDULE I,Promedolum
SCHEDULE I,PCPy
SCHEDULE I,4-Methylaminorex (cis isomer)
SCHEDULE I,Thiofentanyl
SCHEDULE I,Morphine methylbromide
SCHEDULE I,"2C-T-2 (2-(4-Ethylthio-2,5-dimethoxyphenyl) ethanamine)"
SCHEDULE I,dimepheptanol
SCHEDULE I,AB-FUBINACA
SCHEDULE I,Parest
SCHEDULE I,Mandrax
SCHEDULE I,U-47700
SCHEDULE I,Valoron
SCHEDULE I,Beta-hydroxy-3-methylfentanyl
SCHEDULE I,MDPV
SCHEDULE I,PHP
SCHEDULE I,mescaline
SCHEDULE I,4-Methyl-alphapyrrolidinopropiophenone (4-MePPP)
SCHEDULE I,MdMA
SCHEDULE I,gama hydroxybutyrate
SCHEDULE I,diampromide
SCHEDULE I,"2C-P (2-(2,5-Dimethoxy-4-(n)-propylphenyl) ethanamine)"
SCHEDULE I,Phenoperidine
SCHEDULE I,dipipanone
SCHEDULE I,synthetic heroin
SCHEDULE I,Methcathinone
SCHEDULE I,Wellconal
SCHEDULE I,Codeine-n-oxide
SCHEDULE I,"3,4-dimethylmethcathinone (3,4-DMMC)"
SCHEDULE I,alpha-pyrrolidinobutiophenone (a-PBP)
SCHEDULE I,Properidine
SCHEDULE I,3-Methylthiofentanyl
SCHEDULE I,N-[1-[2-hydroxy-2-(2thienyl)ethl]-4-piperidinyl]-Nphenylpropanamide
SCHEDULE I,nubarene
SCHEDULE I,JWH-122 (1-Pentyl-3-(4-methyl-1-naphthoyl) indole)
SCHEDULE I,normethadone
SCHEDULE I,"2,5-dimethoxyamphetamine"
SCHEDULE I,Peyote
SCHEDULE I,1-(4-methylphenyl)-2-(pyrrolidin-1-yl)-propan-1-one)
SCHEDULE I,Phenyldimazone
SCHEDULE I,AM-2201 (1-(5-Fluoropentyl)-3-(1-naphthoyl) indole)
SCHEDULE I,2C-P
SCHEDULE I,ET
SCHEDULE I,Khat plant
SCHEDULE I,Ketobemidone
SCHEDULE I,amfetyline
SCHEDULE I,1-[1-(2-thienyl)cyclohexyl]piperidine
SCHEDULE I,PMA
SCHEDULE I,Marijuana
SCHEDULE I,4-Methoxyamphetamine
SCHEDULE I,dioxaphetyl butyrate
SCHEDULE I,Acetylhydrocodone
SCHEDULE I,difenoxin
SCHEDULE I,"N-ethyl-Nmethylcathinone(EMC) 5-Methoxy-3,4-methylenedioxyamphetamine"
SCHEDULE I,Fenethylline
SCHEDULE I,U4Euh
SCHEDULE I,bath salt
SCHEDULE I,"1-3-fluorophenyl-2-(methylamino)propan-1-one),(Positional isomer: 2-FMC)"
SCHEDULE I,"2C-E (2-(2,5-Dimethoxy-4-ethylphenyl) ethanamine"
SCHEDULE I,"2C-D (2-(2,5-Dimethoxy-4-methylphenyl) ethanamine"
SCHEDULE I,AM-694 (1-(5-Fluoropentyl)-3-(2-iodobenzoyl) indole)
SCHEDULE I,Hydromorphinol
SCHEDULE I,Morphine-n-oxide
SCHEDULE I,MdE
SCHEDULE I,diconal
SCHEDULE I,Lealgin
SCHEDULE I,AB-CHMINACA (N-(1-amino-3-methyl-1-oxobutan-2-yl)-1-(cyclohexylmethyl)-1H-indazole-3-carboxamide
SCHEDULE I,Magic mushrooms
SCHEDULE I,bk-MBDP
SCHEDULE I,"n-Hydroxy-3,4-methylenedioxyamphetamine"
SCHEDULE I,tCP
SCHEDULE I,25C-NBOMe
SCHEDULE I,5-Flouro-UR-144
SCHEDULE I,Lyspafen
SCHEDULE I,"3,4-Methylenedioxymethamphetamine"
SCHEDULE I,Proheptazine
SCHEDULE I,Pentylone
SCHEDULE I,ADB-PINACA
SCHEDULE I,SR-18 & RCS-8
SCHEDULE I,rolicyclidine
SCHEDULE I,Aminorex
SCHEDULE I,AM-694
SCHEDULE I,dihydromorphine
SCHEDULE I,"CP-47497 C8-homolog (5-(1,1-Dimethyloctyl)-2-[(1R,3S)3hydroxycyclohexyl-phenol)"
SCHEDULE I,5-Fluoro-PB-22
SCHEDULE I,Levophenacylmorphan
SCHEDULE I,N-(1-phenethylpiperidin-4-yl)-N-phenylbutyramide
SCHEDULE I,1-phenyl-2-(pyrrolidin-1-yl)butan-1-one)
SCHEDULE I,Morpheridine
SCHEDULE I,2C-t-7
SCHEDULE I,Etoxeridine
SCHEDULE I,AMt
SCHEDULE I,Etorphine (except HCl)
SCHEDULE I,Naphyrone
SCHEDULE I,Alphacetylmethadol except levo-alphacetylmethadol
SCHEDULE I,2C-N
SCHEDULE I,Methaqualone
SCHEDULE I,thebacetyl
SCHEDULE I,Jetrium
SCHEDULE I,n-Ethyl-1-phenylcyclohexylamine
SCHEDULE I,norpipanone
SCHEDULE I,synthetic marijuana
SCHEDULE I,JWH-019 (1-Hexyl-3-(1-naphthoyl) indole
SCHEDULE I,4-Methyl-N-ethylcathinone (4-MEC)
SCHEDULE I,Thebacon
SCHEDULE I,tenocyclidine
SCHEDULE I,THJ-2201 [1-(5-fluoropentyl)-1H-indazol-3-yl] (naphthhalen-1-yl)methanone
SCHEDULE I,diamorphine
SCHEDULE I,Furanyl fentanyl (N-(1-phenethylpiperidin-4-yl)N-phenylfuran-2-carboxamide)
SCHEDULE I,"4-Bromo-2,5-dimethoxyamphetamine"
SCHEDULE I,1-(1-Phenylcyclohexyl)pyrrolidine
SCHEDULE I,"2-(4-iodo-2,5-dimethoxyphenyl-N-(2-methoxybenzyl) ethanamine (25I-NBOMe)"
SCHEDULE I,Beta-hydroxyfentanyl
SCHEDULE I,Vilan
SCHEDULE I,delta-9 tHC
SCHEDULE I,"CP-47497 (5-(1,1-Dimethylheptyl)-2-[(1R,3S)-3-hydroxycyclohexyl-phenol)"
SCHEDULE I,Tilidine
SCHEDULE I,5-Methoxy-N-N-dimethyltryptamine
SCHEDULE I,MdEA
SCHEDULE I,lysergide
SCHEDULE I,2C-C
SCHEDULE I,synthetic hallucinogen
SCHEDULE I,2C-I
SCHEDULE I,JWH-018 (known as AM-678) (1-Pentyl-3-(1-naphthoyl) indole)
SCHEDULE I,JB 323
SCHEDULE I,Phenadoxone
SCHEDULE I,1-(cyclohexylmethyl)-1H-indazole-3-carboxamide)
SCHEDULE I,(Positional Isomers:3-methylethcathinone (3-MEC)
SCHEDULE I,noracymethadol
SCHEDULE I,normorphine
SCHEDULE I,Betameprodine
SCHEDULE I,2C-D
SCHEDULE I,THJ-2201
SCHEDULE I,2C-I-NBOMe
SCHEDULE I,Pentedrone (a-methylaminovalerophenone)
SCHEDULE I,StP
SCHEDULE I,"2-(4-chloro-2,5-dimethoxyphenyl)-N-(2-methoxybenzyl) ethanamine (25C-NBOMe)"
SCHEDULE I,Butylone
SCHEDULE I,Palfium
SCHEDULE I,MAB-CHMINACA
SCHEDULE I,Methadyl acetate
SCHEDULE I,drotebanol
SCHEDULE I,Phenampromide
SCHEDULE I,"2-(methylamino)-1-phenylpentan-1-one)(Postional Isomers:3-methylethcathinone (3-MEC),4-ethylmethcathinone (4-EMC)"
SCHEDULE I,"2,5-dimethoxy-4-(n)-propylthiophenethylamine"
SCHEDULE I,tilidate
SCHEDULE I,AM-2201
SCHEDULE I,flephedrone
SCHEDULE I,Ecstas
SCHEDULE I,Phenomorphan
SCHEDULE I,dextromoramide
SCHEDULE I,Trimeperidine
SCHEDULE I,MePPP
SCHEDULE I,"2C-I (2-(4-iodo-2,5-dimethoxyphenyl) ethanamine)"
SCHEDULE I,Cathinone
SCHEDULE I,Codeine methylbromide
SCHEDULE II,Isoamidone
SCHEDULE II,Prinadol
SCHEDULE II,pethidine
SCHEDULE II,Thebaine
SCHEDULE II,Meperidine
SCHEDULE II,long acting methadone
SCHEDULE II,Cocaine precursor
SCHEDULE II,Adderall
SCHEDULE II,Glutethimide
SCHEDULE II,Dihydrocodeine
SCHEDULE II,Mepergan
SCHEDULE II,gum opium
SCHEDULE II,Opium tincture
SCHEDULE II,Poppy Straw
SCHEDULE II,Ultiva
SCHEDULE II,Alfenta
SCHEDULE II,Dihydroetorphine
SCHEDULE II,Oramorph
SCHEDULE II,Diprenorphine
SCHEDULE II,Bezitramide
SCHEDULE II,Tapentadol
SCHEDULE II,Dexedrine
SCHEDULE II,Methadose
SCHEDULE II,Methadone intermediate
SCHEDULE II,ANPP
SCHEDULE II,Methyl benzoylecgonine
SCHEDULE II,Meperidine intermediate-A
SCHEDULE II,Racemethorphan
SCHEDULE II,Nabilone
SCHEDULE II,Methylphenidate
SCHEDULE II,Phenmetrazine
SCHEDULE II,Concentrate of Poppy Straw
SCHEDULE II,Ethylmorphine
SCHEDULE II,"Opium, powdered"
SCHEDULE II,precusor of PCP
SCHEDULE II,Leritine
SCHEDULE II,D-desoxyephedrine
SCHEDULE II,Dionin
SCHEDULE II,Fentanyl
SCHEDULE II,Ritalin
SCHEDULE II,Endocet
SCHEDULE II,Crack
SCHEDULE II,LAAM
SCHEDULE II,Meperidine intermediate-C
SCHEDULE II,Demerol
SCHEDULE II,"Opium, granulated"
SCHEDULE II,MSIR
SCHEDULE II,Papaver somniferum
SCHEDULE II,Roxicet
SCHEDULE II,poppy heads
SCHEDULE II,Crank
SCHEDULE II,Parzone
SCHEDULE II,Obetrol
SCHEDULE II,Doriden
SCHEDULE II,Thianil
SCHEDULE II,Opium fluid extract
SCHEDULE II,Tuinal
SCHEDULE II,Morphine
SCHEDULE II,Meperidine intermediate-B
SCHEDULE II,Burgodin
SCHEDULE II,Powdered Opium
SCHEDULE II,opium
SCHEDULE II,Amidone
SCHEDULE II,Piminodine
SCHEDULE II,Diphenoxylate
SCHEDULE II,Cocaine metabolite
SCHEDULE II,Methadone precursor
SCHEDULE II,Codeine
SCHEDULE II,Phenylacetone
SCHEDULE II,Opium extracts
SCHEDULE II,Innovar
SCHEDULE II,"Opium, raw"
SCHEDULE II,Speed
SCHEDULE II,dihydrocodeinone
SCHEDULE II,Sufenta
SCHEDULE II,Isomethadone
SCHEDULE II,Methylin
SCHEDULE II,Roxanol
SCHEDULE II,Hydrocodone
SCHEDULE II,MS Contin
SCHEDULE II,Levo-alphacetylmethadol
SCHEDULE II,Roxicodone
SCHEDULE II,Vyvans
SCHEDULE II,Secobarbital
SCHEDULE II,Coca leaves
SCHEDULE II,Oralet
SCHEDULE II,Wildnil
SCHEDULE II,4-Anilino-N-phenethyl-4-piperidine
SCHEDULE II,Morphine methyl ester
SCHEDULE II,Actiq
SCHEDULE II,"Dextropropoxyphene, bulk (non-dosage forms)"
SCHEDULE II,Etorphine
SCHEDULE II,CPS
SCHEDULE II,Thiafentanil
SCHEDULE II,Cesamet
SCHEDULE II,Levorphanol
SCHEDULE II,Cocaine
SCHEDULE II,Poppy Straw Concentrate
SCHEDULE II,Concerta
SCHEDULE II,Opium poppy
SCHEDULE II,Oxymorphone
SCHEDULE II,Racemorphan
SCHEDULE II,Amobarbital
SCHEDULE II,Desoxyn
SCHEDULE II,Nembutal
SCHEDULE II,Raw opium
SCHEDULE II,ICE
SCHEDULE II,Levomethorphan
SCHEDULE II,DHE
SCHEDULE II,Laudanum
SCHEDULE II,Coca Leaves
SCHEDULE II,Precusor of PCP
SCHEDULE II,1-Piperidinocyclohexanecarbonitrile
SCHEDULE II,dihydromorphinone
SCHEDULE II,Preludin
SCHEDULE II,Dromoran
SCHEDULE II,Amphetamine
SCHEDULE II,Meperidine precursor
SCHEDULE II,Amytal
SCHEDULE II,Phencyclidine
SCHEDULE II,Duragesic
SCHEDULE II,Opium poppy capsules
SCHEDULE II,Metopon
SCHEDULE II,Levo-Dromoran
SCHEDULE II,Pentobarbital
SCHEDULE II,methyl morphine
SCHEDULE II,Dolophine
SCHEDULE II,PCC
SCHEDULE II,Sernylan
SCHEDULE II,Ecgonine
SCHEDULE II,Dorimide
SCHEDULE II,Nisentil
SCHEDULE II,Alphaprodine
SCHEDULE II,Lisdexamfetamine
SCHEDULE II,M 99
SCHEDULE II,Granulated opium
SCHEDULE II,Methamphetamine
SCHEDULE II,Seconal
SCHEDULE II,Anileridine
SCHEDULE II,1-Phenylcyclohexylamine
SCHEDULE II,Alfentanil
SCHEDULE II,PCP
SCHEDULE II,Sublimaze
SCHEDULE II,Percocet
SCHEDULE II,normeperidine
SCHEDULE II,Numorphan
SCHEDULE II,Narphen
SCHEDULE II,Phenazocine
SCHEDULE II,Propoxyphene
SCHEDULE II,Didrate
SCHEDULE II,Oxycodone
SCHEDULE II,Carfentanil
SCHEDULE II,Moramide-intermediate
SCHEDULE II,Hydromorphone
SCHEDULE II,Dilaudid
SCHEDULE II,levomethadyl acetate
SCHEDULE II,Methadone
SCHEDULE II,Oripavine
SCHEDULE II,Sufentanil
SCHEDULE II,Precursor of many narcotics
SCHEDULE II,Benzoylecgonine
SCHEDULE II,RMS
SCHEDULE II,Remifentanil
SCHEDULE II,OxyContin
SCHEDULE II,Metazocine
SCHEDULE III,Suboxone
SCHEDULE III,Embutramide
SCHEDULE III,Lysergic acid
SCHEDULE III,Surital
SCHEDULE III,"1-Androstenedione (5alpha-androst-1-en-3,17-dione)"
SCHEDULE III,Butalbital with aspirin
SCHEDULE III,synthetic THC
SCHEDULE III,Lucofen
SCHEDULE III,Lentabol
SCHEDULE III,"19-Nor-4-androstenedione (estr-4-en-3,17-dione) 4000 III N"
SCHEDULE III,17-Alpha-methyl-1-testosterone
SCHEDULE III,"4-Androstenediol (3beta,17beta-dihydroxy-androst-4-ene)"
SCHEDULE III,Delatestryl
SCHEDULE III,Teslac
SCHEDULE III,"19-Nor-5-androstenediol (3beta,17beta-dihydroxyestr-5-ene, 3alpha,17beta-dihydroxyestr-5-ene)"
SCHEDULE III,Perbolin
SCHEDULE III,Oxandrin
SCHEDULE III,Clortermine
SCHEDULE III,"Furazabol (17alpha-methyl17betahydroxyandrostano[2,3-c]-furazan)"
SCHEDULE III,"4-Hydroxy-19-nortestosterone (4,17beta-dihydroxyestr-4-en-3-one)"
SCHEDULE III,"Boldenone (17beta-hydroxyandrost-1,4-diene-3-one)"
SCHEDULE III,17Alpha-methyl-delta1-dihydrotestosterone (17betahydroxy-17alpha-methyl-5alpha-androst-1-en-3-one)
SCHEDULE III,Proviron
SCHEDULE III,"Stanozolol (17alpha-methyl-17beta-hydroxy-5alpha-androst2-eno[3,2-c]-pyrazole)"
SCHEDULE III,Pentothal
SCHEDULE III,Tantarone
SCHEDULE III,Stimulant compounds previously excepted
SCHEDULE III,Methosarb
SCHEDULE III,Prelu-2
SCHEDULE III,Sulfonethylmethane
SCHEDULE III,K
SCHEDULE III,Finajet
SCHEDULE III,Normethandrolone (17alpha-methyl17betahydroxyestr-4-en-3-one)
SCHEDULE III,Stenediol
SCHEDULE III,Melfiat
SCHEDULE III,13Beta-ethyl-17beta-hydroxygon-4-en-3-one
SCHEDULE III,Nilevar
SCHEDULE III,"Tetrahydrogestrinone (13beta,17alpha-diethyl17betahydroxygon-4,9,11-trien-3-one)"
SCHEDULE III,Stanolone
SCHEDULE III,Butibel
SCHEDULE III,Ketalar
SCHEDULE III,Anasteron
SCHEDULE III,Testosterone
SCHEDULE III,"Norbolethone (13beta,17alpha-diethyl17betahydroxygon-4-en-3-one)"
SCHEDULE III,Ethylmorphine combination product 15 mg/du
SCHEDULE III,Masterid
SCHEDULE III,Desoxymethyltestosterone
SCHEDULE III,"Empirin,Fiorinal,Tylenol,ASA with codeine"
SCHEDULE III,Alfa-Trofodermin
SCHEDULE III,Dianabol
SCHEDULE III,"Dehydrochloromethyltestosterone (4-chloro-17betahydroxy17alpha-methylandrost-1,4-dien-3-one)"
SCHEDULE III,Testiwop
SCHEDULE III,Matenon
SCHEDULE III,Anadroid-F
SCHEDULE III,Lonavar
SCHEDULE III,Anapolon
SCHEDULE III,Sulfonmethane
SCHEDULE III,Barbiturates not specifically listed
SCHEDULE III,Clostene
SCHEDULE III,Delvinal
SCHEDULE III,Nalline
SCHEDULE III,Subutex
SCHEDULE III,Ora-Testryl
SCHEDULE III,"19-Nor-5-androstenedione (estr-5-en-3,17-dione)"
SCHEDULE III,Telazol
SCHEDULE III,Anavar
SCHEDULE III,Butabarbital
SCHEDULE III,Synalgos-DC
SCHEDULE III,Butisol
SCHEDULE III,Dihydrocodeinone+papaverine
SCHEDULE III,"5-Androstenedione (androst-5-en-3,17-dione)"
SCHEDULE III,Alurate
SCHEDULE III,Desopimon
SCHEDULE III,Drostanolone (17beta-hydroxy-2alpha-methyl5alphaandrostan-3-one)
SCHEDULE III,Qu Zhi Shu
SCHEDULE III,Chlorhexadol
SCHEDULE III,Android-T
SCHEDULE III,Ketamine
SCHEDULE III,Xyrem
SCHEDULE III,Testred
SCHEDULE III,"1-Androstenediol (3beta,17beta-dihydroxy-5alphaandrost1-ene, 3alpha,17beta-dihydroxy-5alphaandrost-1-ene)"
SCHEDULE III,secbutabarbital
SCHEDULE III,Soneryl (UK)
SCHEDULE III,Codeine with papaverine or noscapine
SCHEDULE III,Butobarbital
SCHEDULE III,Duraboral
SCHEDULE III,Halotestin
SCHEDULE III,Durabolin-O
SCHEDULE III,noscapine
SCHEDULE III,Clostebol (4-chloro-17beta-hydroxyandrost-4-en-3-one)
SCHEDULE III,Frazalon
SCHEDULE III,"Methyldienolone (17alpha-methyl17beta-hydroxyestr-4,9(10)-dien-3-one)"
SCHEDULE III,Perampanel
SCHEDULE III,Miotolon
SCHEDULE III,Thiopental
SCHEDULE III,Barbituric acid derivative
SCHEDULE III,Pronabol
SCHEDULE III,Stanozolol
SCHEDULE III,"Testolactone (13-hydroxy-3-oxo-13,17-secoandrosta-1,4-dien-17-oic acid lactone)"
SCHEDULE III,Lutenin
SCHEDULE III,Apsedon
SCHEDULE III,Norethandrolone (17alpha-ethyl17beta-hydroxyestr-4-en-3-one)
SCHEDULE III,Winstrol
SCHEDULE III,Marinol
SCHEDULE III,"Stanozolol (17alpha-methyl-17beta-hydroxy5alphaandrost-2-eno[3,2-c]-pyrazole)"
SCHEDULE III,"4-Androstenedione (androst-4-en-3,17-dione)"
SCHEDULE III,Matronal
SCHEDULE III,Opium combination product 25 mg/du
SCHEDULE III,Pesomax
SCHEDULE III,"Bolasterone (7alpha,17alpha-dimethyl-17betahydroxyandrost-4-en-3-one)"
SCHEDULE III,Paregoric
SCHEDULE III,Solevar
SCHEDULE III,Finaplix-S
SCHEDULE III,Oxandrolone (17alpha-methyl17beta-hydroxy-2-oxa-5alpha-androstan-3-one)
SCHEDULE III,Morphine combination product/50 mg/100 ml or gm
SCHEDULE III,Deca-Durabolin
SCHEDULE III,Balnimax
SCHEDULE III,Oral-Turinabol
SCHEDULE III,Hubernol
SCHEDULE III,"Lortab,Vicodin,Vicoprofen,Tussionex"
SCHEDULE III,butethal
SCHEDULE III,"Androstanedione (5alpha-androstan-3,17-dione)"
SCHEDULE III,Amobarbital & noncontrolled active ingred.
SCHEDULE III,Mestanolone (17alpha-methyl-17beta-hydroxy5alphaandrostan-3-one)
SCHEDULE III,Oxymetholone (17alpha-methyl-2-hydroxymethylene17beta-hydroxy-5alpha-androstan-3-one)
SCHEDULE III,Pre-Sate
SCHEDULE III,Pardroyd
SCHEDULE III,Primobolan S
SCHEDULE III,"17Alpha-methyl-3beta,17beta-dihydroxy-5alphaandrostane"
SCHEDULE III,Buprenex
SCHEDULE III,Prostanozol
SCHEDULE III,Metabolina
SCHEDULE III,Special K
SCHEDULE III,"4-Hydroxytestosterone (4,17beta-dihydroxyandrost-4-en-3-one)"
SCHEDULE III,Mecoral
SCHEDULE III,Norco
SCHEDULE III,Methasterone
SCHEDULE III,Primobolan
SCHEDULE III,Plegine
SCHEDULE III,Nandrolone (17beta-hydroxyestr-4-en-3-one)
SCHEDULE III,Medodorm
SCHEDULE III,Winstrol-V
SCHEDULE III,Secobarbital
SCHEDULE III,Stenbolone
SCHEDULE III,Codeine combination product 90 mg/du
SCHEDULE III,Talbutal
SCHEDULE III,Anabolic steroids
SCHEDULE III,Assimil
SCHEDULE III,Adroyd
SCHEDULE III,Tiletamine & Zolazepam
SCHEDULE III,Provitar
SCHEDULE III,"17Alpha-methyl-3beta,17beta-dihydroxyandrost-4-ene"
SCHEDULE III,Thiamylal
SCHEDULE III,"Formebolone (2-formyl-17alpha-methyl-11alpha, 17beta-dihydroxyandrost-1,4-dien-3-one)"
SCHEDULE III,Norclostebol (4-chloro-17beta-hydroxyestr-4-en-3-one)
SCHEDULE III,"5-Androstenediol (3beta,17beta-dihydroxy-androst-5-ene)"
SCHEDULE III,1-Testosterone
SCHEDULE III,"Oxymesterone (17alpha-methyl-4, 17betadihydroxyandrost-4-en-3-one)"
SCHEDULE III,Oranabol 10
SCHEDULE III,"Prostanozol (17beta-hydroxy-5alpha-androstano[3,2-c]pyrazole)"
SCHEDULE III,"[2-2oxo-l-phenyl-5-pyridin-2-yl-l,2-dihydropyridin-3-yl) benzonitrile]"
SCHEDULE III,Android
SCHEDULE III,vinbarbitone
SCHEDULE III,APAP with codeine
SCHEDULE III,Metribolone
SCHEDULE III,Hydrocodone combination product <15 mg/du
SCHEDULE III,Genabol
SCHEDULE III,Depotest
SCHEDULE III,Lorcet
SCHEDULE III,Buprenorphine
SCHEDULE III,Anabolex
SCHEDULE III,Dihydrocodeine combination product 90 mg/du
SCHEDULE III,Chlorphentermine
SCHEDULE III,Methenolone (1-methyl-17beta-hydroxy-5alpha-androst1-en-3-one)
SCHEDULE III,Maxibolin
SCHEDULE III,Noludar
SCHEDULE III,Hydrocodone & isoquinoline alkaloid <15 mg/du
SCHEDULE III,Oranabol
SCHEDULE III,Androlan
SCHEDULE III,Aprobarbital
SCHEDULE III,Delta1-dihydrotestosterone (17beta-hydroxy5alphaandrost-1-en-3-one)
SCHEDULE III,Ethylestrenol (17alpha-ethyl-17beta-hydroxyestr-4-ene)
SCHEDULE III,Esiclene
SCHEDULE III,"19-Nor-4,9(10)-androstadienedione"
SCHEDULE III,Sinesex
SCHEDULE III,Methyltestosterone (17alpha-methyl17betahydroxyandrost-4-en-3-one)
SCHEDULE III,Mechloral
SCHEDULE III,Mesterolone (1alpha-methyl17beta-hydroxy-5alphaandrostan-3-one)
SCHEDULE III,Stenbolone (17beta-hydroxy-2-methyl5alpha-androst-1-en-3-one)
SCHEDULE III,FP-3
SCHEDULE III,4-AD
SCHEDULE III,Cheque
SCHEDULE III,Primobolan Depot
SCHEDULE III,"Calusterone (7beta,17alpha-dimethyl17betahydroxyandrost-4-en-3-one)"
SCHEDULE III,Orabolin
SCHEDULE III,"Fluoxymesterone (9-fluoro-17alpha-methyl-11beta, 17beta-dihydroxyandrost-4-en-3-one)"
SCHEDULE III,Fiorinal
SCHEDULE III,"Methyltrienolone (17alpha-methyl-17betahydroxyestr-4,9,11-trien-3-one)"
SCHEDULE III,Lysergic acid amide
SCHEDULE III,"Methandriol (17alpha-methyl-3beta, 17betadihydroxyandrost-5-ene)"
SCHEDULE III,Benzphetamine
SCHEDULE III,17Alpha-methyl-4-hydroxynandrolone (17alpha-methyl4-hydroxy-17beta-hydroxyestr-4-en-3-one)
SCHEDULE III,"3Alpha,17beta-dihydroxy-5alpha-androstane"
SCHEDULE III,Ermalone
SCHEDULE III,Methybol
SCHEDULE III,"Methandienone (17alpha-methyl17betahydroxyandrost-1, 4-diene-3-one)"
SCHEDULE III,"Methasterone (2alpha,17alpha-dimethyl-5alpha-androstan-17beta-ol-3-one)"
SCHEDULE III,Anabol-4-19
SCHEDULE III,Pentobarbital
SCHEDULE III,Sulfondiethylmethane
SCHEDULE III,Amobarbital suppository dosage form
SCHEDULE III,Body Building drugs
SCHEDULE III,"Trenbolone (17beta-hydroxyestr-4,9,11-trien-3-one)"
SCHEDULE III,Nerobol
SCHEDULE III,4-Dihydrotestosterone (17beta-hydroxyandrostan-3-one)
SCHEDULE III,LSD precursor
SCHEDULE III,Temgesic
SCHEDULE III,Boldione
SCHEDULE III,Parabolan
SCHEDULE III,Bontril
SCHEDULE III,Androviron
SCHEDULE III,Lotusate
SCHEDULE III,WANS
SCHEDULE III,Vinbarbital
SCHEDULE III,Permastril
SCHEDULE III,Phendimetrazine
SCHEDULE III,Ketaset
SCHEDULE III,Methyprylon
SCHEDULE III,Butalbital
SCHEDULE III,"3Beta,17beta-dihydroxy-5alpha-androstane"
SCHEDULE III,Troformone
SCHEDULE III,Voranil
SCHEDULE III,Anamidol
SCHEDULE III,Dronabinol
SCHEDULE III,Gamma Hydroxybutyric Acid preparations
SCHEDULE III,Virilon
SCHEDULE III,Durabolin
SCHEDULE III,Durabolin-50
SCHEDULE III,Secobarbital suppository
SCHEDULE III,Statobex
SCHEDULE III,Teolit
SCHEDULE III,Oreton
SCHEDULE III,Tributane
SCHEDULE III,Fycompa
SCHEDULE III,THG
SCHEDULE III,"Mibolerone (7alpha,17alpha-dimethyl17betahydroxyestr-4-en-3-one)"
SCHEDULE III,N Winstrol
SCHEDULE III,Compal
SCHEDULE III,Chloralodol
SCHEDULE III,Drolban
SCHEDULE III,Orgasteron
SCHEDULE III,Andractim
SCHEDULE III,Didrex
SCHEDULE III,Mediatric
SCHEDULE III,Inapetyl
SCHEDULE III,Nalorphine
SCHEDULE III,Testosterone (17beta-hydroxyandrost-4-en-3-one)
SCHEDULE III,Vasorome
SCHEDULE III,Anadrol-50
SCHEDULE III,NA
SCHEDULE III,4-chlorotestosterone
SCHEDULE III,Codeine & isoquinoline alkaloid 90 mg/du
SCHEDULE IV,Capla
SCHEDULE IV,Pentazocine
SCHEDULE IV,Noctec
SCHEDULE IV,Tepanil
SCHEDULE IV,Lusedra
SCHEDULE IV,Barbital
SCHEDULE IV,Sonata
SCHEDULE IV,Fludiazepam
SCHEDULE IV,Darkene
SCHEDULE IV,Pinazepam
SCHEDULE IV,Nordazepam
SCHEDULE IV,Phenobarbital
SCHEDULE IV,Eluxadoline
SCHEDULE IV,Flurazepam
SCHEDULE IV,Tetrazepam
SCHEDULE IV,dichloralantipyrine
SCHEDULE IV,Adipex-P
SCHEDULE IV,Veronal
SCHEDULE IV,Demadar
SCHEDULE IV,Stadol
SCHEDULE IV,Talacen
SCHEDULE IV,Lexotan
SCHEDULE IV,Rohypnol
SCHEDULE IV,Meridia
SCHEDULE IV,Butorphanol
SCHEDULE IV,Restoril
SCHEDULE IV,Serenal
SCHEDULE IV,Versed
SCHEDULE IV,Chloral betaine
SCHEDULE IV,Midazolam
SCHEDULE IV,Sibutramine
SCHEDULE IV,Suvorexant
SCHEDULE IV,Lunesta
SCHEDULE IV,Amexate
SCHEDULE IV,Darvocet
SCHEDULE IV,Contamex
SCHEDULE IV,Ethyl loflazepate
SCHEDULE IV,Ambien
SCHEDULE IV,Ativan
SCHEDULE IV,MK-4305
SCHEDULE IV,Zolpidem
SCHEDULE IV,Ethchlorvynol
SCHEDULE IV,Ionamin
SCHEDULE IV,Sanorex
SCHEDULE IV,Tranxene
SCHEDULE IV,Erimin
SCHEDULE IV,Mogadon
SCHEDULE IV,Difenoxin
SCHEDULE IV,Khat
SCHEDULE IV,Lorazepam
SCHEDULE IV,Veratran
SCHEDULE IV,Flunitrazepam
SCHEDULE IV,Propacet
SCHEDULE IV,Pondimin
SCHEDULE IV,Mebutamate
SCHEDULE IV,Lexatin
SCHEDULE IV,Midrin
SCHEDULE IV,Mefenorex
SCHEDULE IV,Domar
SCHEDULE IV,SK-Lygen
SCHEDULE IV,propoxyphene
SCHEDULE IV,VIBERZI
SCHEDULE IV,Chloral hydrate
SCHEDULE IV,Meprospan
SCHEDULE IV,Chlordiazepoxide
SCHEDULE IV,Ketazolam
SCHEDULE IV,Estazolam
SCHEDULE IV,Ponderal
SCHEDULE IV,Alfaxalone
SCHEDULE IV,Solatran
SCHEDULE IV,Mazanor
SCHEDULE IV,"5a-pregnan-3a-ol-11,20-dione"
SCHEDULE IV,Stadol NS
SCHEDULE IV,Cylert
SCHEDULE IV,Cloxazolam
SCHEDULE IV,Methohexital
SCHEDULE IV,Placidyl
SCHEDULE IV,Diazepam
SCHEDULE IV,Dexfenfluramine
SCHEDULE IV,Fencamfamin
SCHEDULE IV,Xanax
SCHEDULE IV,Pipradrol
SCHEDULE IV,Pondinil
SCHEDULE IV,TalwinCompound
SCHEDULE IV,Periclor
SCHEDULE IV,Zaleplon
SCHEDULE IV,Petrichloral
SCHEDULE IV,Lefetamine
SCHEDULE IV,Mebaral
SCHEDULE IV,Meprobamate
SCHEDULE IV,Plexonal
SCHEDULE IV,Belviq
SCHEDULE IV,Modafinil
SCHEDULE IV,Madar
SCHEDULE IV,Paxor
SCHEDULE IV,Luminal
SCHEDULE IV,Detaril
SCHEDULE IV,Noctamid
SCHEDULE IV,Nordiazepam
SCHEDULE IV,Trecalmo
SCHEDULE IV,Narcozep
SCHEDULE IV,Doral
SCHEDULE IV,Clonazepam
SCHEDULE IV,Eurodin
SCHEDULE IV,Lexotanil
SCHEDULE IV,Equagesic
SCHEDULE IV,Oxazepam
SCHEDULE IV,Fenproporex
SCHEDULE IV,Clotiazepam
SCHEDULE IV,Miltown
SCHEDULE IV,Donnatal
SCHEDULE IV,Librium
SCHEDULE IV,Pentaerythritol chloral
SCHEDULE IV,Limpidon
SCHEDULE IV,Provigil
SCHEDULE IV,Temazepam
SCHEDULE IV,Paral
SCHEDULE IV,Motofen
SCHEDULE IV,Olcadil
SCHEDULE IV,Brevital
SCHEDULE IV,Deprol
SCHEDULE IV,Valmid
SCHEDULE IV,Domnamid
SCHEDULE IV,Diastat
SCHEDULE IV,Musaril
SCHEDULE IV,Difenoxin 1 mg/25 ug AtSO4/du
SCHEDULE IV,Fenfluramine
SCHEDULE IV,Stilnoct
SCHEDULE IV,norpseudoephedrine
SCHEDULE IV,"1-dimethylamino-1,2-diphenylethane"
SCHEDULE IV,Urbanyl
SCHEDULE IV,Valamin
SCHEDULE IV,Nitrazepam
SCHEDULE IV,Clozan
SCHEDULE IV,Triazolam
SCHEDULE IV,Clorazepate
SCHEDULE IV,Serenid-D
SCHEDULE IV,Paraldehyde
SCHEDULE IV,Gacilin
SCHEDULE IV,Serax
SCHEDULE IV,Oxazolam
SCHEDULE IV,Lubalix
SCHEDULE IV,Valium
SCHEDULE IV,SPA
SCHEDULE IV,Redux
SCHEDULE IV,Stimolag Fortis
SCHEDULE IV,Delorazepam
SCHEDULE IV,Clonopin
SCHEDULE IV,Halcion
SCHEDULE IV,Halazepam
SCHEDULE IV,Nimetazepam
SCHEDULE IV,Paxipam
SCHEDULE IV,Tenuate
SCHEDULE IV,Zopiclone
SCHEDULE IV,Clobazam
SCHEDULE IV,Centrax
SCHEDULE IV,Loprazolam
SCHEDULE IV,"[(7R)-4-(5-chloro-1,3-benzoxazol-2-yl)-7methyl-1,4-diazepan-1-yl][5-methyl-2-(2H-1,2,3-triazol2-yl)phenyl]methanone"
SCHEDULE IV,Quazepam
SCHEDULE IV,Ethinamate
SCHEDULE IV,Pemoline
SCHEDULE IV,Nobrium
SCHEDULE IV,Talwin
SCHEDULE IV,Reactivan
SCHEDULE IV,Stilnox
SCHEDULE IV,Tramadol (2-[dimethylamino)methyl]-1-(3-methoxyphenyl)cyclohexanol)
SCHEDULE IV,Ivadal
SCHEDULE IV,Carisoprodol
SCHEDULE IV,Soma
SCHEDULE IV,Bromazepam
SCHEDULE IV,Sepazon
SCHEDULE IV,Albego
SCHEDULE IV,barbitone
SCHEDULE IV,Bellergal-S
SCHEDULE IV,Dichloralphenazone
SCHEDULE IV,Solvolip
SCHEDULE IV,Myolastan
SCHEDULE IV,Dextropropoxyphene dosage forms
SCHEDULE IV,Roipnol
SCHEDULE IV,Camazepam
SCHEDULE IV,Urbadan
SCHEDULE IV,Medazepam
SCHEDULE IV,Klonopin
SCHEDULE IV,Zantryl
SCHEDULE IV,Akton
SCHEDULE IV,Alfaxan
SCHEDULE IV,Torbutrol
SCHEDULE IV,Doracil
SCHEDULE IV,Cathine
SCHEDULE IV,Anorexic
SCHEDULE IV,Methylphenobarbital
SCHEDULE IV,Loftran
SCHEDULE IV,Convertal
SCHEDULE IV,Talwin NX
SCHEDULE IV,Torbugesic
SCHEDULE IV,Beta Chlor
SCHEDULE IV,Limbitrol
SCHEDULE IV,Mazindol
SCHEDULE IV,Equanil
SCHEDULE IV,Fospropofol
SCHEDULE IV,Tramadol
SCHEDULE IV,Prazepam
SCHEDULE IV,mephobarbital
SCHEDULE IV,Lorcaserin
SCHEDULE IV,Haloxazolam
SCHEDULE IV,Phentermine
SCHEDULE IV,Diethylpropion
SCHEDULE IV,Alprazolam
SCHEDULE IV,Fastin
SCHEDULE IV,Libritabs
SCHEDULE IV,Rize
SCHEDULE IV,ProSom
SCHEDULE IV,Lormetazepam
SCHEDULE IV,Obe-Nix
SCHEDULE IV,Anxon
SCHEDULE IV,Darvon
SCHEDULE IV,Nuctalon
SCHEDULE IV,Dalmane
SCHEDULE V,Thymergix
SCHEDULE V,Ethylmorphine preparations 100 mg/100 ml or 100 gm
SCHEDULE V,"Cosanyl,Robitussin AC"
SCHEDULE V,Codeine preparations - 200 mg/100 ml or 100 gm
SCHEDULE V,Motofen
SCHEDULE V,Ezogabine
SCHEDULE V,Briviact
SCHEDULE V,Lacosamide
SCHEDULE V,Lyrica
SCHEDULE V,Pediacof
SCHEDULE V,Brivaracetam
SCHEDULE V,UCB-34714
SCHEDULE V,Opium preparations - 100 mg/100 ml or gm
SCHEDULE V,Cophene-S
SCHEDULE V,Kaolin Pectin P.G.
SCHEDULE V,Pyrovalerone
SCHEDULE V,Logen
SCHEDULE V,Potiga
SCHEDULE V,((2S)-2-[4R)-2-oxo-4-propylpyrrolidin-1-yl] butanamide)
SCHEDULE V,Cerose
SCHEDULE V,Dihydrocodeine preparations 10 mg/100 ml or 100 gm
SCHEDULE V,Centroton
SCHEDULE V,Difenoxin preparations - 0.5 mg/25 ug AtSO4/du
SCHEDULE V,Vimpat
SCHEDULE V,Kapectolin PG
SCHEDULE V,Pregabalin
SCHEDULE V,Diphenoxylate preparations 2.5 mg/25 ug AtSO4
SCHEDULE V,Cheracol
SCHEDULE V,BRV
SCHEDULE V,Parepectolin
SCHEDULE V,Lomotil
